{
  "test/widget_test.dart": 1774848088.1825378,
  "Hisaab Kitaab Design/hk-screens.jsx": 1777089247.0,
  "Hisaab Kitaab Design/hk-data.jsx": 1777089247.0,
  "Hisaab Kitaab Design/hk-screens2.jsx": 1777089247.0,
  "Hisaab Kitaab Design/android-frame.jsx": 1777089247.0,
  "Hisaab Kitaab Design/hk-screens3.jsx": 1777089247.0,
  "Hisaab Kitaab Design/hk-onboarding.jsx": 1777089247.0,
  "android/build.gradle.kts": 1774847670.525238,
  "android/settings.gradle.kts": 1774847670.5236273,
  "android/app/build.gradle.kts": 1774847670.5261202,
  "android/app/src/main/java/io/flutter/plugins/GeneratedPluginRegistrant.java": 1774954332.8685493,
  "android/app/src/main/kotlin/com/hisaabkitaab/hisaab_kitaab/MainActivity.kt": 1774847670.5270412,
  "lib/main.dart": 1774955001.3776522,
  "lib/app.dart": 1774953344.3380775,
  "lib/core/database/app_database.dart": 1774974175.5636375,
  "lib/core/database/app_database.g.dart": 1774847959.3013368,
  "lib/core/database/tables/entry_items.dart": 1774847771.2251613,
  "lib/core/database/tables/societies.dart": 1774847763.7284646,
  "lib/core/database/tables/payments.dart": 1774847772.977256,
  "lib/core/database/tables/customers.dart": 1774847765.3840902,
  "lib/core/database/tables/item_types.dart": 1774847767.6350431,
  "lib/core/database/tables/entries.dart": 1774847769.998718,
  "lib/core/database/tables/settings.dart": 1774847774.453657,
  "lib/core/database/models/transaction_item.dart": 1774853081.931663,
  "lib/core/database/models/customer_with_balance.dart": 1774853075.2532673,
  "lib/core/providers/locale_provider.dart": 1774953332.4054623,
  "lib/core/providers/database_provider.dart": 1774853131.4617884,
  "lib/core/providers/settings_provider.dart": 1774885358.0963075,
  "lib/core/utils/upi_helper.dart": 1774885345.1036923,
  "lib/core/utils/backup_scheduler.dart": 1774954978.408985,
  "lib/core/utils/whatsapp_helper.dart": 1774885338.4750104,
  "lib/core/utils/csv_exporter.dart": 1774932423.0632513,
  "lib/core/utils/pdf_invoice_helper.dart": 1774888879.5790322,
  "lib/core/utils/drive_backup_helper.dart": 1774904164.5391395,
  "lib/core/theme/app_theme.dart": 1774847752.6031091,
  "lib/core/theme/app_colors.dart": 1774847741.9789593,
  "lib/core/router/app_router.dart": 1774853516.173008,
  "lib/features/settings/providers/backup_provider.dart": 1774904196.413844,
  "lib/features/settings/presentation/settings_screen.dart": 1774953397.591081,
  "lib/features/home/providers/home_providers.dart": 1774932423.0657926,
  "lib/features/home/presentation/home_screen.dart": 1774932423.064702,
  "lib/features/home/presentation/widgets/customer_card.dart": 1774932423.065395,
  "lib/features/home/presentation/widgets/add_customer_sheet.dart": 1774932423.0650568,
  "lib/features/add_entry/providers/add_entry_providers.dart": 1774853147.079243,
  "lib/features/add_entry/presentation/add_entry_screen.dart": 1774932414.1027458,
  "lib/features/add_entry/presentation/add_items_sheet.dart": 1775032724.15414,
  "lib/features/payment/presentation/record_payment_screen.dart": 1774853471.3739035,
  "lib/features/app_lock/providers/app_lock_provider.dart": 1774933292.742474,
  "lib/features/app_lock/presentation/pin_lock_screen.dart": 1774933328.2114234,
  "lib/features/customer_detail/providers/customer_detail_providers.dart": 1774853142.3584976,
  "lib/features/customer_detail/presentation/customer_detail_screen.dart": 1774932423.0639288,
  "lib/features/customer_detail/presentation/widgets/transaction_timeline.dart": 1775033790.0210752,
  "lib/features/reminders/providers/reminder_providers.dart": 1774885366.9083598,
  "lib/features/reminders/presentation/overdue_reminders_screen.dart": 1774885570.7092853,
  "lib/features/onboarding/providers/onboarding_provider.dart": 1774975320.6722078,
  "lib/features/onboarding/presentation/onboarding_screen.dart": 1774953157.8630762,
  "lib/shared/widgets/bottom_nav_shell.dart": 1774848005.1231592,
  "hisaab-kitaab.prd.md": 1774904511.330122,
  "DEVLOG.md": 1774953794.5650103,
  "TODO.md": 1777091648.8023508,
  "README.md": 1774953984.4722106,
  "CLAUDE.md": 1779133304.3236613,
  "graphify-out/graph.html": 1779134542.264656,
  "graphify-out/GRAPH_REPORT.md": 1779134535.1991107,
  "stitch/code/home-customer-list.html": 1774821752.8155088,
  "stitch/code/customer-detail.html": 1774821763.9767206,
  "stitch/code/record-payment.html": 1774821760.3911903,
  "stitch/code/add-items-entry.html": 1774821756.5002105,
  "stitch/code/settings.html": 1774821770.9405642,
  "stitch/code/overdue-reminders.html": 1774821767.559291,
  "Hisaab Kitaab Design/Hisaab Kitaab.html": 1777089247.0,
  "stitch/images/settings.png": 1774821744.1207476,
  "stitch/images/home-customer-list.png": 1774821738.2845054,
  "stitch/images/customer-detail.png": 1774821740.5354583,
  "stitch/images/add-items-entry.png": 1774821739.0027409,
  "stitch/images/overdue-reminders.png": 1774821741.973951,
  "stitch/images/record-payment.png": 1774821739.7415473,
  "android/app/src/main/res/mipmap-mdpi/ic_launcher.png": 1774545080.0,
  "android/app/src/main/res/mipmap-hdpi/ic_launcher.png": 1774545080.0,
  "android/app/src/main/res/mipmap-xxxhdpi/ic_launcher.png": 1774545080.0,
  "android/app/src/main/res/mipmap-xxhdpi/ic_launcher.png": 1774545080.0,
  "android/app/src/main/res/mipmap-xhdpi/ic_launcher.png": 1774545080.0
}